{"stats":{"minecraft:custom":{"minecraft:jump":72,"minecraft:time_since_rest":619,"minecraft:leave_game":1,"minecraft:crouch_one_cm":314,"minecraft:sprint_one_cm":1615,"minecraft:play_time":16398,"minecraft:deaths":3,"minecraft:time_since_death":547,"minecraft:walk_one_cm":20768,"minecraft:sneak_time":193,"minecraft:total_world_time":16398,"minecraft:fly_one_cm":53866},"minecraft:used":{"minecraft:deepslate_tiles":40,"minecraft:soul_lantern":7,"minecraft:crimson_sign":3,"minecraft:nether_brick_fence":27,"minecraft:polished_deepslate_slab":47,"minecraft:glowstone":9,"minecraft:lava_bucket":28,"minecraft:red_dye":3,"minecraft:glow_ink_sac":3,"minecraft:beacon":1,"minecraft:deepslate_brick_stairs":127,"minecraft:grass_block":10}},"DataVersion":2975}