{"stats":{"minecraft:used":{"minecraft:bread":3,"minecraft:oak_log":2},"minecraft:picked_up":{"minecraft:oak_log":2},"minecraft:custom":{"minecraft:jump":371,"minecraft:time_since_rest":15400,"minecraft:leave_game":1,"minecraft:walk_on_water_one_cm":3906,"minecraft:damage_taken":270,"minecraft:sprint_one_cm":40093,"minecraft:play_time":15400,"minecraft:time_since_death":15400,"minecraft:walk_one_cm":9729,"minecraft:sneak_time":6,"minecraft:total_world_time":15400,"minecraft:walk_under_water_one_cm":226,"minecraft:swim_one_cm":5497,"minecraft:fall_one_cm":16613,"minecraft:fly_one_cm":84211},"minecraft:mined":{"minecraft:oak_log":2,"minecraft:oak_leaves":1}},"DataVersion":2975}